<?xml version="1.0" encoding="UTF-8" ?>
<!DOCTYPE mapper PUBLIC "-//mybatis.org//DTD Mapper 3.0//EN" "http://mybatis.org/dtd/mybatis-3-mapper.dtd" >
<mapper namespace="com.chenyangsocool.ssm.dao.TestDao" >
    <resultMap id="BaseResultMap" type="com.chenyangsocool.ssm.model.Test" >
        <id column="id" property="id"  jdbcType="VARCHAR" />
        <result column="context" property="context" jdbcType="VARCHAR" />
        <result column="view_count" property="viewCount" jdbcType="VARCHAR" />
    </resultMap>
    <sql id="Base_Column_List" >
        id, context, view_count
    </sql>
    <select id="getModelById" resultMap="BaseResultMap" parameterType="java.lang.String" >
        select
        <include refid="Base_Column_List" />
        from test
        where id = #{id,jdbcType=VARCHAR}
    </select>
</mapper>