<?xml version="1.0" encoding="UTF-8"?>
<!DOCTYPE configuration>
<configuration>

  <conversionRule conversionWord="threadId"
    converterClass="hui.quan.ult.nohin.common.core.logger.ThreadIdConverter" />

  <property resource="logback.properties" />

  <appender name="applicationLogAppender" class="ch.qos.logback.core.rolling.RollingFileAppender">
    <file>${log.dir}/application.log</file>
    <rollingPolicy class="ch.qos.logback.core.rolling.TimeBasedRollingPolicy">
      <fileNamePattern>${log.dir}/application-%d{yyyyMMdd}.%i.log</fileNamePattern>
      <timeBasedFileNamingAndTriggeringPolicy class="ch.qos.logback.core.rolling.SizeAndTimeBasedFNATP">
        <maxFileSize>1024MB</maxFileSize>
       </timeBasedFileNamingAndTriggeringPolicy>
    </rollingPolicy>
    <encoder>
      <Pattern>%d{ISO8601} %-5level %19X{jobId} %16X{executionId} [%threadId] %logger{0}: %msg%n</Pattern>
    </encoder>
  </appender>

  <appender name="jobLogAppender" class="ch.qos.logback.core.rolling.RollingFileAppender">
    <file>${log.dir}/job.log</file>
    <rollingPolicy class="ch.qos.logback.core.rolling.TimeBasedRollingPolicy">
      <fileNamePattern>${log.dir}/job-%d{yyyyMMdd}.%i.log</fileNamePattern>
      <timeBasedFileNamingAndTriggeringPolicy class="ch.qos.logback.core.rolling.SizeAndTimeBasedFNATP">
        <maxFileSize>1024MB</maxFileSize>
       </timeBasedFileNamingAndTriggeringPolicy>
    </rollingPolicy>
    <encoder>
      <Pattern>%d{ISO8601} %19X{jobId} %16X{executionId} : %msg%n</Pattern>
    </encoder>
    <filter class="ch.qos.logback.classic.filter.LevelFilter">
      <level>INFO</level>
      <onMatch>ACCEPT</onMatch>
      <onMismatch>DENY</onMismatch>
    </filter>
  </appender>

  <appender name="performanceLogAppender" class="ch.qos.logback.core.rolling.RollingFileAppender">
    <file>${log.dir}/performance.log</file>
    <rollingPolicy class="ch.qos.logback.core.rolling.TimeBasedRollingPolicy">
      <fileNamePattern>${log.dir}/performance-%d{yyyyMMdd}.%i.log</fileNamePattern>
      <timeBasedFileNamingAndTriggeringPolicy class="ch.qos.logback.core.rolling.SizeAndTimeBasedFNATP">
        <maxFileSize>1024MB</maxFileSize>
       </timeBasedFileNamingAndTriggeringPolicy>
    </rollingPolicy>
    <encoder>
      <Pattern>%d{ISO8601} %msg%n</Pattern>
    </encoder>
  </appender>

  <logger name="hui.quan" additivity="false">
    <level value="DEBUG" />
    <appender-ref ref="applicationLogAppender" />
  </logger>

  <logger name="hui.quan.nohin.common.batch.listener.ExceptionHandlingListener" level="INFO" additivity="false">
    <appender-ref ref="jobLogAppender" />
    <appender-ref ref="applicationLogAppender" />
  </logger>
 
  <logger name="hui.quan.nohin.performance" additivity="false">
    <level value="INFO" />
    <appender-ref ref="performanceLogAppender" />
  </logger>

  <root>
    <level value="ERROR" />
    <appender-ref ref="applicationLogAppender" />
  </root>

</configuration>
