<beans
  xmlns="http://www.springframework.org/schema/beans"
  xmlns:xsi="http://www.w3.org/2001/XMLSchema-instance"
  xmlns:p="http://www.springframework.org/schema/p"
  xmlns:aop="http://www.springframework.org/schema/aop"
  xsi:schemaLocation="http://www.springframework.org/schema/beans
    http://www.springframework.org/schema/beans/spring-beans.xsd
    http://www.springframework.org/schema/aop
    http://www.springframework.org/schema/aop/spring-aop.xsd">

  <aop:config proxy-target-class="false">
    <aop:aspect ref="performanceLogAdvice">
    <!--   <aop:around method="measure" pointcut-ref="controller" />  -->
      <aop:around method="measure" pointcut-ref="tasklet" />
      <aop:around method="measure" pointcut-ref="service" />
      <aop:around method="measure" pointcut-ref="manager" />
     <!--  <aop:around method="measure" pointcut-ref="component" /> -->
      <aop:around method="measure" pointcut-ref="dao" />
    <!--   <aop:pointcut expression="execution(* jp.go.jhf.*.web.controller..*.*(..))" id="controller"/> -->
      <aop:pointcut expression="execution(* hui.quan.*.nohin.tasklet..*.*(..))" id="tasklet"/>
      <aop:pointcut expression="execution(* hui.quan.*.nohin.service..*.*(..))" id="service"/>
      <aop:pointcut expression="execution(* hui.quan.*.nohin.manager..*.*(..))" id="manager"/>
      <!-- <aop:pointcut expression="execution(* hui.quan.*.core.component..*.*(..))" id="component"/> -->
      <aop:pointcut expression="execution(* hui.quan.*.nohin.dao..*.*(..))" id="dao"/>
    </aop:aspect>
  </aop:config>

  <bean id="performanceLogAdvice" class="hui.quan.ult.nohin.common.core.aop.PerformanceLogAdvice" />
</beans>
