<?xml version="1.0" encoding="UTF-8"?>
<beans xmlns="http://www.springframework.org/schema/beans"
  xmlns:xsi="http://www.w3.org/2001/XMLSchema-instance" xmlns:p="http://www.springframework.org/schema/p"
  xmlns:batch="http://www.springframework.org/schema/batch"
  xmlns:util="http://www.springframework.org/schema/util"
  xsi:schemaLocation="http://www.springframework.org/schema/beans
    http://www.springframework.org/schema/beans/spring-beans.xsd
    http://www.springframework.org/schema/batch
    http://www.springframework.org/schema/batch/spring-batch.xsd
    http://www.springframework.org/schema/util
    http://www.springframework.org/schema/util/spring-util.xsd">

  <!-- Bean定義ファイルの読み込み -->
  <!-- 
  <import resource="classpath:/META-INF/spring/applicationContext-domain.xml" />
  <import resource="classpath:/META-INF/spring/applicationContext-code.xml" />
  <import resource="classpath:/META-INF/spring/applicationContext-commons.xml" />
  <import resource="classpath:/META-INF/spring/applicationContext-report.xml" />
  <import resource="classpath:/META-INF/spring/applicationContext-batch-commons.xml" />
 -->
  <!--  -->
  <bean id="jobRepository"
    class="org.springframework.batch.core.repository.support.JobRepositoryFactoryBean"
    p:dataSource-ref="dataSource" p:transactionManager-ref="transactionManager"
    p:maxVarCharLength="2000" p:isolationLevelForCreate="ISOLATION_SERIALIZABLE" />

  <!--  -->
  <bean id="jobRegistry"
    class="org.springframework.batch.core.configuration.support.MapJobRegistry" />
  <bean
    class="org.springframework.batch.core.configuration.support.JobRegistryBeanPostProcessor"
    p:jobRegistry-ref="jobRegistry" />

  <!--  -->
  <bean id="jobExplorer"
    class="org.springframework.batch.core.explore.support.JobExplorerFactoryBean"
    p:dataSource-ref="dataSource" />

  <!--  -->
  <bean id="jobParametersConverter"
    class="org.springframework.batch.core.jsr.JsrJobParametersConverter">
    <constructor-arg ref="dataSource" />
  </bean>

  <!-- -->
  <bean id="jobLauncher"
    class="org.springframework.batch.core.launch.support.SimpleJobLauncher"
    p:jobRepository-ref="jobRepository" />

  <!--  -->
  <bean id="dataSource" class="org.apache.commons.dbcp.BasicDataSource"
    p:driverClassName="${db.driverClassName}" p:url="${db.url}"
    p:username="${db.username}" p:password="${db.password}" />

  <!-- SQLセッションファクトリ -->
  <bean id="sqlSessionFactory" class="org.mybatis.spring.SqlSessionFactoryBean"
    p:dataSource-ref="dataSource" p:typeHandlersPackage="hui.quan.ult.nohin.common.core.typehandler">
    <property name="configuration">
      <bean class="org.apache.ibatis.session.Configuration">
        <property name="mapUnderscoreToCamelCase" value="true" />
        <property name="defaultExecutorType" value="${db.executorType}" />
      </bean>
    </property>
  </bean>

  <!-- SQLセッションテンプレート -->  
  <bean id="sqlSessionTemplate"
    class="org.mybatis.spring.SqlSessionTemplate">
    <constructor-arg index="0" ref="sqlSessionFactory" />
    <constructor-arg index="1" value="${db.executorType}" />
  </bean>

  <!-- Mapperスキャン -->
  <bean class="org.mybatis.spring.mapper.MapperScannerConfigurer">
    <property name="basePackage" value="hui.quan.ult.nohin.dao" />
    <property name="sqlSessionFactoryBeanName" value="sqlSessionFactory" />
  </bean>

  <!--  -->
  <bean id="transactionManager"
    class="org.springframework.jdbc.datasource.DataSourceTransactionManager"
    p:dataSource-ref="dataSource">
    <property name="defaultTimeout" value="21600"/>
  </bean>

  <!-- 共通ステップ -->
  <bean id="commonStep"
    class="org.springframework.batch.core.step.factory.SimpleStepFactoryBean"
    abstract="true">
    <property name="listeners">
      <bean class="hui.quan.ult.nohin.common.batch.listener.ExceptionHandlingListener" />
    </property>
  </bean>

  <!--  -->
  <bean id="exitCodeMapper"
    class="org.springframework.batch.core.launch.support.SimpleJvmExitCodeMapper">
    <property name="mapping">
      <util:map id="exitCodeMapper"
          key-type="java.lang.String" value-type="java.lang.Integer"> 
        <entry key="COMPLETED" value="0" />
        <entry key="NOOP" value="0" />
        <entry key="FAILED" value="100" />
        <entry key="STOPPED" value="100" />
        <entry key="UNKNOWN" value="100" />
      </util:map>
    </property>
  </bean>

  <!-- Bean Validation定義 -->
  <!-- 
  <bean id="validator"
    class="org.springframework.batch.item.validator.SpringValidator"
    p:validator-ref="beanValidator" />
  <bean id="beanValidator"
    class="org.springframework.validation.beanvalidation.LocalValidatorFactoryBean" />
   
   <bean id="systemProperties"
    class="org.springframework.beans.factory.config.PropertiesFactoryBean">
    <property name="locations">
    <list>
      <value>classpath:/spring/system.properties</value>
    </list>
    </property>
  </bean>
  -->
  <!--  -->
   <!-- 
  <bean id="messageSource"
    class="org.springframework.context.support.ResourceBundleMessageSource">
    <property name="basenames">
      <list>
        <value>Messages</value>
        <value>ValidationMessages</value>
        <value>ViewItems</value>
      </list>
    </property>
  </bean>
 -->
</beans>
