<?xml version="1.0" encoding="UTF-8"?>
<!DOCTYPE mapper PUBLIC "-//mybatis.org//DTD Mapper 3.0//EN"
    "http://mybatis.org/dtd/mybatis-3-mapper.dtd">
<mapper namespace="jp.co.ultmarc.masterhub.dao.MasterhubDAO">
    <resultMap id="CalendarResultMap" type="jp.co.ultmarc.masterhub.model.CalendarEntity" >
        <id column="ymd_date" property="ymdDate"  jdbcType="VARCHAR" />
        <result column="eigyobi_torikeshi_flg" property="eigyobiTorikeshiFlg" jdbcType="VARCHAR" />
        <result column="shu_shimebi_flg" property="shuShimebiFlg" jdbcType="VARCHAR" />
        <result column="naka_shimebi_flg" property="nakaShimebiFlg" jdbcType="VARCHAR" />
        <result column="matsu_shimebi_flg" property="matsuShimebiFlg" jdbcType="VARCHAR" />
        <result column="rnskns_byoin_flg" property="rnsknsByoinFlg" jdbcType="VARCHAR" />
        <result column="machiaza_flg" property="machiazaFlg" jdbcType="VARCHAR" />
        <result column="regist_user_id" property="registUserId" jdbcType="VARCHAR" />
        <result column="update_user_id" property="updateUserId" jdbcType="VARCHAR" />
        <result column="regist_date" property="registDate" jdbcType="VARCHAR" />
        <result column="update_date" property="updateDate" jdbcType="VARCHAR" />
        <result column="del_flg" property="delFlg" jdbcType="VARCHAR" />
    </resultMap>
     <!-- 取得(カレンダー) -->
    <select id="calendarSelect" parameterType="java.lang.String" resultMap="CalendarResultMap">
        select * from tm_calendar
        <where>
		   <if test="id != null and '' != id">
	  	 	 ymd_date = #{id}
	 	   </if>
	 	 </where>
       <!--  <include refid="Base_Column_List" /> -->
    </select>

  <!-- 取得(VANユーザ) -->
  <select id="VANSelect" parameterType="java.lang.String"
    resultType="jp.co.ultmarc.masterhub.model.VANUserEntity" >
		SELECT
		  van_userid_no as vanUseridNo
		  , tki_cd as tkiCd
		  , van_userid as vanUserid
		  , zengin_setsuzokukeitai_kbn as zenginSetsuzokukeitaiKbn
		  , van_password as vanPassword
		  , user_center_kakunin_cd as userCenterKakuninCd
		  , ult_center_kakunin_cd as ultCenterKakuninCd
		  , zenginkyo_hyojun_protocol_kbn as zenginkyoHyojunProtocolKbn
		  , eins_userid as einsUserid
		  , eins_password as einsPassword
		  , teirei_van_jushintime as teireiVanIushintime
		  , biko_comments as bikoComments
		  , regist_user_id as registUserId
		  , update_user_id as updateUserId
		  , regist_date as registDate
		  , update_date as updateDate
		  , del_flg as delFlg
		  , sfdc_id  as sfdcId
		FROM
		  tm_van_user
		  <where>
		   <if test="id != null and '' != id">
	  	 	 van_userid_no = #{id}
	 	   </if>
	 	 </where>
    </select>
	<select id="AccountSelect" parameterType="java.lang.String"
	resultType="jp.co.ultmarc.masterhub.model.AccountEntity">
		SELECT
		  tki_id
		  , delete_flg
		  , master_record_id
		  , tki_nm
		  , tki_myoji
		  , tki_namae
		  , keisyo
		  , tki_syubetu
		  , oya_tki_cd
		  , seikyusaki_chomei
		  , seikyusaki_shiku
		  , seikyusaki_todofuken
		  , seikyusaki_yubin
		  , seikyusaki_kuni
		  , nonyusaki_chomei
		  , nonyusaki_shiku
		  , nonyusaki_todofuken
		  , nonyusaki_yubin
		  , nonyusaki_kuni
		  , tel
		  , fax
		  , tki_no
		  , website
		  , sangyo_cd
		  , gyoshu
		  , annualrevenue
		  , numberofemployees
		  , ownership
		  , tickersymbol
		  , description
		  , rating
		  , site
		  , ownerid
		  , createddate
		  , createdbyid
		  , lastmodifieddate
		  , lastmodifiedbyid
		  , systemmodstamp
		  , lastactivitydate
		  , ispartner
		  , personcontactid
		  , ispersonaccount
		  , personmailingstreet
		  , personmailingcity
		  , personmailingstate
		  , personmailingpostalcode
		  , personmailingcountry
		  , personotherstreet
		  , personothercity
		  , personotherstate
		  , personotherpostalcode
		  , personothercountry
		  , personmobilephone
		  , personhomephone
		  , personotherphone
		  , personassistantphone
		  , personemail
		  , persontitle
		  , persondepartment
		  , personassistantname
		  , personleadsource
		  , personbirthdate
		  , personhasoptedoutofemail
		  , personlastcurequestdate
		  , personlastcuupdatedate
		  , personemailbouncedreason
		  , personemailbounceddate
		  , entyou_statuw
		  , entyou_memo
		  , kobai
		  , naishi_gaishi
		  , entyou_hiduke
		  , mrsalesqty
		  , credensial
		  , entyou_keika
		  , entyou_bikou
		  , shortname
		  , mdb_tanto
		  , entyou_tuki
		  , x1_standard_data
		  , x1_standard_eigyou_nouki
		  , x1_standard_agency_nouki
		  , x1_standard_touroku
		  , x2_standard_data
		  , x2_standard_eigyou_nouki
		  , x2_standard_agency_nouki
		  , x2_standard_touroku
		  , x3_standard_data
		  , x3_standard_eigyou_nouki
		  , x3_standard_agency_nouki
		  , x3_standard_touroku
		  , enquete_from
		  , enquete_to
		  , enquete_result_nouki
		  , receipt_design_request_standard
		  , receipt_design_decision_standard
		  , result_nouhin_final
		  , result_nouhin_1
		  , xl_standard_tourku
		  , xl_standard_data
		  , xl_standard_jyuryou
		  , ticket_design_request_standard
		  , ticket_design_decision_standard
		  , memo
		  , houmei_design_request_standard
		  , houmei_design_decision_standard
		  , co_kana
		  , hiduke_mr
		  , tki_cd
		  , annualrevenue_seazon
		  , tki_ou_nm
		  , area_nm
		  , send_kbn
		  , koukai_kbn
		  , trhk_s_ymd
		  , del_ymd
		  , kaiin_kbn
		  , hokatsu_kbn
		  , cdb_kbn
		  , mdgc_kbn
		  , sef_kbn
		  , c3_kbn
		  , mdbmokuteki
		  , riyoumokuteki_hoka
		  , seiyakukyou
		  , nitiyaku
		  , kousin_memo
		  , kousinduki
		  , kousin_hiduke
		  , kaitei_status
		  , ball
		  , keikanissuu
		  , keiyakubikou
		  , kyoudou_url
		  , kyoudou_mune
		  , kyoudou_jitaku
		  , parenttki_cd
		  , bizcardid
		  , isdigitizing
		  , mdb_giketu
		  , sfid_original
		  , mdbmemberinchargeofaccount
		  , parentaccountofcomprehensivecontract
		  , parentcustomertext
		  , parentofcomprehensivecontractflag
		  , parentofcomprehensivecontractforsearch
		  , esguidedeliveryexclusion
		  , currentcontractitem
		  , dcfforoutput
		  , dsfforoutput
		  , esguideassignpersonnel
		  , flowacquisitiondata
		  , pcfforoutput
		  , dcffacility
		  , dcf
		  , dnf
		  , dsf
		  , ecf
		  , kgf
		  , pcf
		  , van
		  , dcffacilityforoutput
		  , dnfforoutput
		  , ecfforoutput
		  , kgfforoutput
		  , vanforoutput
		  , parentcomprehensivetki_cd
		  , dailyvan
		  , dailyvanforoutput
		  , syousyu_bunrui
		  , gyoshu_main_cd
		  , gyoshu_new_cd
		  , access_tki_memo
		  , accountinvalidationformula
		  , tki_memo
		  , beforevalsetdate
		  , beforevaloperation
		  , faxbeforeval
		  , websitebeforeval
		  , sitebeforeval
		  , shippingcitybeforeval
		  , shippingstreetbeforeval
		  , shippingstatebeforeval
		  , shippingpostalcodebeforeval
		  , phonebeforeval
		  , keiyaku_ymd
		  , kaiyaku_ymd
		  , chushutsu_joho_todofuken
		  , chushutsu_joho_shi_kbn
		  , chushutsu_joho_shinryokamoku
		  , chushutsu_joho_shinryokamoku_daikbn
		  , chushutsu_kbn
		  , record_type
		FROM
		  tm_tki_tmp
        <where>
		   <if test="id != null and '' != id">
	  	 	 tki_id = #{id}
	 	   </if>
	 	 </where>
	</select>

</mapper>

