<?xml version="1.0" encoding="UTF-8"?>
<beans xmlns="http://www.springframework.org/schema/beans"
    xmlns:xsi="http://www.w3.org/2001/XMLSchema-instance" xmlns:context="http://www.springframework.org/schema/context"
    xsi:schemaLocation="http://www.springframework.org/schema/beans
    http://www.springframework.org/schema/beans/spring-beans.xsd
    http://www.springframework.org/schema/context
    http://www.springframework.org/schema/context/spring-context.xsd"
    default-lazy-init="false">


    <!-- <context:property-placeholder location="classpath:redis-config.properties" /> -->
    <!-- scanner redis properties  -->

    <bean id="propertyConfigurerRedis"
          class="org.springframework.beans.factory.config.PropertyPlaceholderConfigurer">
          <property name="ignoreUnresolvablePlaceholders" value="false"/>
        <property name="location" value="classpath:redis-config.properties" />
    </bean>

    <!-- redis設定 -->
    <bean id="poolConfig" class="redis.clients.jedis.JedisPoolConfig">

   <!-- <property name="maxActive" value="300"/> -->

        <property name="maxIdle" value="${redis.maxIdle}" />

        <property name="maxTotal" value="${redis.maxTotal}" />

        <property name="maxWaitMillis" value="${redis.maxWaitMillis}" />

         <property name="blockWhenExhausted" value="${redis.blockWhenExhausted}" />

        <property name="testOnBorrow" value="${redis.testOnBorrow}" />
    </bean>


    <bean id="jedisConnectionFactory" class="org.springframework.data.redis.connection.jedis.JedisConnectionFactory">
        <!-- IP -->
        <property name="hostName" value="${redis.host}" />
        <!-- port -->
        <property name="port" value="${redis.port}" />

        <property name="timeout" value="${redis.timeout}" />

        <property name="poolConfig" ref="poolConfig" />

        <property name="usePool" value="true"/>
    </bean>

    <!-- redis template definition -->
    <bean id="redisTemplate" class="org.springframework.data.redis.core.RedisTemplate">
        <property name="connectionFactory" ref="jedisConnectionFactory" />
        <property name="keySerializer">
            <bean class="org.springframework.data.redis.serializer.StringRedisSerializer" />
        </property>
        <property name="valueSerializer">
            <bean class="org.springframework.data.redis.serializer.JdkSerializationRedisSerializer" />
        </property>
        <property name="hashKeySerializer">
            <bean class="org.springframework.data.redis.serializer.StringRedisSerializer" />
        </property>
        <property name="hashValueSerializer">
            <bean class="org.springframework.data.redis.serializer.JdkSerializationRedisSerializer" />
        </property>
         <!--Transaction  -->
       <!--   <property name="enableTransactionSupport" value="true"></property>-->
    </bean>

    <bean id="redisrCacheManager" class="jp.co.ultmarc.masterhub.common.RedisCacheManager">
        <property name="redisTemplate" ref="redisTemplate" />
    </bean>
</beans>