<?xml version="1.0" encoding="UTF-8"?>
<beans xmlns="http://www.springframework.org/schema/beans"
       xmlns:xsi="http://www.w3.org/2001/XMLSchema-instance" xmlns:p="http://www.springframework.org/schema/p"
       xmlns:context="http://www.springframework.org/schema/context"
       xmlns:mvc="http://www.springframework.org/schema/mvc"
       xsi:schemaLocation="http://www.springframework.org/schema/beans
                        http://www.springframework.org/schema/beans/spring-beans.xsd
                        http://www.springframework.org/schema/context
                        http://www.springframework.org/schema/context/spring-context.xsd
                        http://www.springframework.org/schema/mvc
                        http://www.springframework.org/schema/mvc/spring-mvc.xsd">

    <!--戻り値　JSON -->
<!--
    <bean id="mappingJacksonHttpMessageConverter"
          class="org.springframework.http.converter.json.MappingJackson2HttpMessageConverter">
        <property name="supportedMediaTypes">
            <list>
                <value>text/html;charset=UTF-8</value>
            </list>
        </property>
    </bean>

-->
<bean id="mappingJacksonHttpMessageConverter"
          class="org.springframework.http.converter.StringHttpMessageConverter">
        <property name="supportedMediaTypes">
            <list>
                <value>text/html;charset=UTF-8</value>
            </list>
        </property>
    </bean>

    <!--
   <bean class="org.springframework.web.servlet.mvc.method.annotation.RequestMappingHandlerAdapter">
        <property name="messageConverters">
            <list>
               <bean class="org.springframework.http.converter.json.MappingJackson2HttpMessageConverter"/>
                <bean class="org.springframework.http.converter.ByteArrayHttpMessageConverter"/>
                <bean class="org.springframework.http.converter.xml.SourceHttpMessageConverter"/>
                <bean class="org.springframework.http.converter.FormHttpMessageConverter"/>

                <bean class="org.springframework.http.converter.StringHttpMessageConverter"/>
            </list>
        </property>
    </bean>
 -->
    <bean class="org.springframework.web.servlet.mvc.method.annotation.RequestMappingHandlerAdapter">
        <property name="messageConverters">
            <list>
                <ref bean="mappingJacksonHttpMessageConverter" />
            </list>
        </property>
    </bean>

    <!-- 静的リソースのアクセス -->
    <!-- <mvc:resources mapping="/js/**" location="/js/" />
    <mvc:resources mapping="/css/**"  location="/css/" /> -->

    <!-- 自動的にDIする @controller -->
    <context:component-scan base-package="jp.co.ultmarc.masterhub.controller" />

    <!--注釈ドライバを追加する -->

    <mvc:annotation-driven enable-matrix-variables="true" />

    <mvc:default-servlet-handler />

    <bean class="org.springframework.web.servlet.view.InternalResourceViewResolver">

        <property name="prefix" value="/WEB-INF/view/" />
        <property name="suffix" value=".jsp" />
    </bean>

    <bean id="multipartResolver"
          class="org.springframework.web.multipart.commons.CommonsMultipartResolver">
        <!-- デフォルト -->
        <property name="defaultEncoding" value="UTF-8" />
        <!-- ファイル最大值 -->
        <property name="maxUploadSize" value="10485760000" />
        <!-- メモリーの最大值 -->
        <property name="maxInMemorySize" value="40960" />
    </bean>
    <!--  error 設定 -->
  <mvc:resources mapping="/error/**" location="/WEB-INF/view/error/" />
  <bean class="org.springframework.web.servlet.handler.SimpleMappingExceptionResolver">
      <property name="exceptionMappings">
          <map>
              <entry key="ResourceNotFoundException" value="error/resourceNotFoundError" />
              <entry key="DataAccessException" value="error/dataAccessError" />
          </map>
      </property>
      <property name="statusCodes">
          <map>
              <entry key="error/resourceNotFoundError" value="404" />
              <entry key="error/dataAccessError" value="500" />
          </map>
      </property>
  </bean>
</beans>