<?xml version="1.0" encoding="UTF-8"?>
<beans xmlns="http://www.springframework.org/schema/beans"
       xmlns:xsi="http://www.w3.org/2001/XMLSchema-instance" xmlns:p="http://www.springframework.org/schema/p"
       xmlns:context="http://www.springframework.org/schema/context"
       xmlns:util="http://www.springframework.org/schema/util"
       xmlns:mvc="http://www.springframework.org/schema/mvc"
       xsi:schemaLocation="http://www.springframework.org/schema/beans
                        http://www.springframework.org/schema/beans/spring-beans.xsd
                        http://www.springframework.org/schema/context
                        http://www.springframework.org/schema/context/spring-context.xsd
                        http://www.springframework.org/schema/util
              http://www.springframework.org/schema/util/spring-util.xsd
                        http://www.springframework.org/schema/mvc
                        http://www.springframework.org/schema/mvc/spring-mvc.xsd">
    <!-- 自動スキャン -->
    <context:component-scan base-package="jp.co.ultmarc.masterhub" />

    <bean id="propertyConfigurer"
          class="org.springframework.beans.factory.config.PropertyPlaceholderConfigurer">
          <property name="ignoreUnresolvablePlaceholders" value="true"/>
        <property name="location" value="classpath:jdbc.properties" />
    </bean>

    <bean id="dataSource" class="org.apache.commons.dbcp.BasicDataSource"
          destroy-method="close">
        <property name="driverClassName" value="${driver}" />
        <property name="url" value="${url}" />
        <property name="username" value="${username}" />
        <property name="password" value="${password}" />
        <!-- 初期化設定 -->
        <property name="initialSize" value="${initialSize}"></property>
        <!-- 接続最大数 -->
        <property name="maxActive" value="${maxActive}"></property>
        <!-- 接続最大アイドル-->
        <property name="maxIdle" value="${maxIdle}"></property>
        <!-- 接続最小アイドル-->
        <property name="minIdle" value="${minIdle}"></property>
        <!-- timeout -->
        <property name="maxWait" value="${maxWait}"></property>
    </bean>

    <!-- SQLセッションファクトリ -->
    <bean id="sqlSessionFactory" class="org.mybatis.spring.SqlSessionFactoryBean"
      p:dataSource-ref="dataSource" >
      <property name="configuration">
        <bean class="org.apache.ibatis.session.Configuration">
          <property name="mapUnderscoreToCamelCase" value="true" />
          <property name="defaultExecutorType" value="${executorType}" />
        </bean>
      </property>
    </bean>

    <!-- SQLセッションテンプレート -->
    <bean id="sqlSessionTemplate"
      class="org.mybatis.spring.SqlSessionTemplate">
      <constructor-arg index="0" ref="sqlSessionFactory" />
      <constructor-arg index="1" value="${executorType}" />
    </bean>

    <!-- Mapperスキャン -->
    <bean class="org.mybatis.spring.mapper.MapperScannerConfigurer">
      <property name="basePackage" value="jp.co.ultmarc.masterhub.dao" />
      <property name="sqlSessionFactoryBeanName" value="sqlSessionFactory" />
    </bean>

    <!--  -->
    <bean id="transactionManager"
      class="org.springframework.jdbc.datasource.DataSourceTransactionManager"
      p:dataSource-ref="dataSource">
      <property name="defaultTimeout" value="21600"/>
    </bean>

    <import resource="applicationContext-redis.xml" />
</beans>