<?xml version="1.0" encoding="UTF-8"?>
<beans xmlns="http://www.springframework.org/schema/beans"
  xmlns:xsi="http://www.w3.org/2001/XMLSchema-instance" xmlns:p="http://www.springframework.org/schema/p"
  xmlns:batch="http://www.springframework.org/schema/batch"
  xsi:schemaLocation="
    http://www.springframework.org/schema/beans
    http://www.springframework.org/schema/beans/spring-beans.xsd
    http://www.springframework.org/schema/batch
    http://www.springframework.org/schema/batch/spring-batch.xsd">

  <description>YHOJB_D_K04SB010_31:帳票出力（変更通知書原票）</description>

  <!-- Bean定義ファイルの読み込み -->
  <import resource="classpath:/spring/applicationContext-batch.xml" />

  <!-- プロパティ設定 -->
  <bean id="propertyConfigurer"
    class="org.springframework.beans.factory.config.PropertyPlaceholderConfigurer">
    <property name="locations">
      <list>
         <value>classpath:/spring/system.properties</value>
        <!-- <value>classpath:/jobs/YHOJB_D_K04SB010_01/application.properties </value>-->
      </list>
    </property>
  </bean>

  <!-- ジョブ定義 -->
  <batch:job id="YHOJB_D_K04SB010_01" job-repository="jobRepository">
    <batch:step id="YHOJB_D_K04SB010_01.step01" parent="commonStep">
      <batch:tasklet transaction-manager="transactionManager" ref="tasklet"/>
    </batch:step>
  </batch:job>

  <!-- タスクレット定義 -->
  <bean id="tasklet" class="hui.quan.ult.nohin.tasklet.YHOJB_D_K04SB010_01" scope="step">
    <property name="serviceName" value="hktcsGhCreateService" />
  </bean>


  <!-- 変更通知書原票作成サービス -->
  <bean id="hktcsGhCreateService" scope="prototype"
    class="hui.quan.ult.nohin.service.HktcsGhCreateServiceImpl">
    <constructor-arg index="0" ref="hktcsIktrReceiptEditEntityManagerImpl" />
  </bean>

  <!-- 変更通知書一括登録帳票編集EntityManager -->
  <bean id="hktcsIktrReceiptEditEntityManagerImpl" scope="prototype"
    class="hui.quan.ult.nohin.manager.HktcsIktrReceiptEditEntityManagerImpl">
    <constructor-arg index="0" ref="nysListTmpDAO" />
  </bean>
</beans>
